{"cameraMode":{"drawMode":0,"name":"Shaded","section":"Shading Mode"},"sceneLighting":false,"audioPlay":false,"sceneViewState":{"showFog":true,"showMaterialUpdate":false,"showSkybox":true,"showFlares":true,"showImageEffects":true,"showParticleSystems":true},"in2DMode":false,"pivot":{"x":1.4933273792266846,"y":1.1085844039916993,"z":-2.073577404022217},"rotation":{"x":0.34853893518447878,"y":0.6129592061042786,"z":-0.3447971045970917,"w":0.6196135878562927},"size":18.196964263916017,"orthographic":true}