{"cameraMode":{"drawMode":0,"name":"Shaded","section":"Shading Mode"},"sceneLighting":false,"audioPlay":false,"sceneViewState":{"showFog":true,"showMaterialUpdate":false,"showSkybox":true,"showFlares":true,"showImageEffects":true,"showParticleSystems":true},"in2DMode":false,"pivot":{"x":19.971233367919923,"y":1.6515531539916993,"z":-16.24224853515625},"rotation":{"x":0.44223836064338686,"y":0.36790892481803896,"z":-0.20550283789634705,"w":0.7917351722717285},"size":5.25747013092041,"orthographic":true}