{"cameraMode":{"drawMode":0,"name":"Shaded","section":"Shading Mode"},"sceneLighting":false,"audioPlay":false,"sceneViewState":{"showFog":true,"showMaterialUpdate":false,"showSkybox":true,"showFlares":true,"showImageEffects":true,"showParticleSystems":true},"in2DMode":false,"pivot":{"x":4.359487533569336,"y":1.0738639831542969,"z":-7.499643802642822},"rotation":{"x":-0.1155964732170105,"y":-0.7263438105583191,"z":0.12608623504638673,"w":-0.6657321453094482},"size":14.010672569274903,"orthographic":false}