{"cameraMode":{"drawMode":0,"name":"Shaded","section":"Shading Mode"},"sceneLighting":false,"audioPlay":false,"sceneViewState":{"showFog":true,"showMaterialUpdate":false,"showSkybox":true,"showFlares":true,"showImageEffects":true,"showParticleSystems":true},"in2DMode":false,"pivot":{"x":0.95332932472229,"y":2.4889583587646486,"z":-4.555146217346191},"rotation":{"x":0.30541181564331057,"y":-0.5495238304138184,"z":0.22549280524253846,"w":0.7442585229873657},"size":5.989035606384277,"orthographic":false}