{"cameraMode":{"drawMode":0,"name":"Shaded","section":"Shading Mode"},"sceneLighting":false,"audioPlay":false,"sceneViewState":{"showFog":true,"showMaterialUpdate":false,"showSkybox":true,"showFlares":true,"showImageEffects":true,"showParticleSystems":true},"in2DMode":false,"pivot":{"x":4.840778350830078,"y":14.18081283569336,"z":14.901254653930664},"rotation":{"x":-0.10090944170951843,"y":0.7690421938896179,"z":-0.618593692779541,"w":-0.12545320391654969},"size":24.183290481567384,"orthographic":true}