{"cameraMode":{"drawMode":0,"name":"Shaded","section":"Shading Mode"},"sceneLighting":false,"audioPlay":false,"sceneViewState":{"showFog":true,"showMaterialUpdate":false,"showSkybox":true,"showFlares":true,"showImageEffects":true,"showParticleSystems":true},"in2DMode":false,"pivot":{"x":-2.309999942779541,"y":-0.9100000858306885,"z":-0.3700000047683716},"rotation":{"x":0.46169281005859377,"y":-0.48929163813591006,"z":0.3451899290084839,"w":0.654434323310852},"size":18.911415100097658,"orthographic":false}