{"cameraMode":{"drawMode":0,"name":"Shaded","section":"Shading Mode"},"sceneLighting":false,"audioPlay":false,"sceneViewState":{"showFog":true,"showMaterialUpdate":false,"showSkybox":true,"showFlares":true,"showImageEffects":true,"showParticleSystems":true},"in2DMode":false,"pivot":{"x":4.359487533569336,"y":1.0738639831542969,"z":-7.499643802642822},"rotation":{"x":0.11828280240297318,"y":-0.7846398949623108,"z":0.5877447724342346,"w":0.15792721509933473},"size":7.41066837310791,"orthographic":false}