{"cameraMode":{"drawMode":0,"name":"Shaded","section":"Shading Mode"},"sceneLighting":false,"audioPlay":false,"sceneViewState":{"showFog":true,"showMaterialUpdate":false,"showSkybox":false,"showFlares":true,"showImageEffects":true,"showParticleSystems":true},"in2DMode":false,"pivot":{"x":1.2999992370605469,"y":0.0,"z":1.6399993896484376},"rotation":{"x":-0.621765673160553,"y":-0.07207673043012619,"z":0.05761885270476341,"w":-0.7777528166770935},"size":28.284271240234376,"orthographic":true}