{"cameraMode":{"drawMode":0,"name":"Shaded","section":"Shading Mode"},"sceneLighting":false,"audioPlay":false,"sceneViewState":{"showFog":true,"showMaterialUpdate":false,"showSkybox":false,"showFlares":true,"showImageEffects":true,"showParticleSystems":true},"in2DMode":false,"pivot":{"x":2.355724573135376,"y":1.2249985933303834,"z":0.7900000810623169},"rotation":{"x":0.03197026625275612,"y":0.7074410319328308,"z":-0.7053223848342896,"w":0.03206618130207062},"size":1.5030725002288819,"orthographic":true}