{"cameraMode":{"drawMode":0,"name":"Shaded","section":"Shading Mode"},"sceneLighting":false,"audioPlay":false,"sceneViewState":{"showFog":true,"showMaterialUpdate":false,"showSkybox":true,"showFlares":true,"showImageEffects":true,"showParticleSystems":true},"in2DMode":false,"pivot":{"x":-2.051732063293457,"y":-0.6365327835083008,"z":-5.062346458435059},"rotation":{"x":0.06299957633018494,"y":-0.7373625636100769,"z":0.0694408044219017,"w":0.6689591407775879},"size":4.5270562171936039,"orthographic":true}