{"cameraMode":{"drawMode":0,"name":"Shaded","section":"Shading Mode"},"sceneLighting":false,"audioPlay":false,"sceneViewState":{"showFog":true,"showMaterialUpdate":false,"showSkybox":true,"showFlares":true,"showImageEffects":true,"showParticleSystems":true},"in2DMode":false,"pivot":{"x":7.626172065734863,"y":3.3854217529296877,"z":-0.7996678352355957},"rotation":{"x":-0.03449573367834091,"y":0.7352327704429627,"z":-0.6759299635887146,"w":-0.037559255957603458},"size":18.421188354492189,"orthographic":true}