{"cameraMode":{"drawMode":0,"name":"Shaded","section":"Shading Mode"},"sceneLighting":false,"audioPlay":false,"sceneViewState":{"showFog":true,"showMaterialUpdate":false,"showSkybox":true,"showFlares":true,"showImageEffects":true,"showParticleSystems":true},"in2DMode":false,"pivot":{"x":8.104687690734864,"y":9.043624877929688,"z":-6.202011585235596},"rotation":{"x":0.4316721260547638,"y":-0.014606732875108719,"z":0.006973717827349901,"w":0.9019078016281128},"size":23.396190643310548,"orthographic":true}