{"cameraMode":{"drawMode":0,"name":"Shaded","section":"Shading Mode"},"sceneLighting":false,"audioPlay":false,"sceneViewState":{"showFog":true,"showMaterialUpdate":false,"showSkybox":true,"showFlares":true,"showImageEffects":true,"showParticleSystems":true},"in2DMode":false,"pivot":{"x":8.104687690734864,"y":9.043624877929688,"z":-6.202011585235596},"rotation":{"x":0.21214182674884797,"y":0.6573734283447266,"z":-0.20076972246170045,"w":0.6946852803230286},"size":14.515649795532227,"orthographic":true}